<?xml version="1.0" encoding="UTF-8"?><?xml-stylesheet type='text/xsl' href='_UpgradeReport_Files/UpgradeReport.xslt'?><UpgradeLog>
<Properties><Property Name="Solution" Value="Features">
</Property><Property Name="Solution File" Value="C:\Users\koschei\Documents\Visual Studio 2010\Projects\Features\Features.sln">
</Property><Property Name="Date" Value="Saturday, December 17, 2011">
</Property><Property Name="Time" Value="1:51 AM">
</Property><Property Name="Log Number" Value="2">
</Property></Properties><Event ErrorLevel="0" Project="cse576" Source="cse576.vcproj" Description="Converting project file 'C:\Users\koschei\Documents\Visual Studio 2010\Projects\Features\cse576.vcproj'.">
</Event><Event ErrorLevel="1" Project="cse576" Source="cse576.vcproj" Description="This application has been updated to include settings related to the User Account Control (UAC) feature of Windows Vista. By default, when run on Windows Vista with UAC enabled, this application is marked to run with the same privileges as the process that launched it. This marking also disables the application from running with virtualization. You can change UAC related settings from the Property Pages of the project.">
</Event><Event ErrorLevel="1" Project="cse576" Source="cse576.vcproj" Description="VCWebServiceProxyGeneratorTool is no longer supported. The tool has been removed from your project settings.">
</Event><Event ErrorLevel="0" Project="cse576" Source="cse576.vcproj" Description="Web deployment to the local IIS server is no longer supported. The Web Deployment build tool has been removed from your project settings.">
</Event><Event ErrorLevel="0" Project="cse576" Source="cse576.vcproj" Description="Done converting to new project file 'C:\Users\koschei\Documents\Visual Studio 2010\Projects\Features\cse576.vcxproj'.">
</Event><Event ErrorLevel="3" Project="cse576" Source="cse576.vcproj" Description="Converted">
</Event><Event ErrorLevel="0" Project="ImageLib" Source="ImageLib\ImageLib.vcproj" Description="Converting project file 'C:\Users\koschei\Documents\Visual Studio 2010\Projects\Features\ImageLib\ImageLib.vcproj'.">
</Event><Event ErrorLevel="1" Project="ImageLib" Source="ImageLib\ImageLib.vcproj" Description="This application has been updated to include settings related to the User Account Control (UAC) feature of Windows Vista. By default, when run on Windows Vista with UAC enabled, this application is marked to run with the same privileges as the process that launched it. This marking also disables the application from running with virtualization. You can change UAC related settings from the Property Pages of the project.">
</Event><Event ErrorLevel="1" Project="ImageLib" Source="ImageLib\ImageLib.vcproj" Description="VCWebServiceProxyGeneratorTool is no longer supported. The tool has been removed from your project settings.">
</Event><Event ErrorLevel="1" Project="ImageLib" Source="ImageLib\ImageLib.vcproj" Description="MSB8012: $(TargetPath) ('C:\Users\koschei\Documents\Visual Studio 2010\Projects\Features\ImageLib\.\Release\ImageLib.lib') does not match the Librarian's OutputFile property value '.\Release\ImageLib.lib' ('C:\Users\koschei\Documents\Visual Studio 2010\Projects\Features\Release\ImageLib.lib') in project configuration 'Release|Win32'. This may cause your project to build incorrectly. To correct this, please make sure that $(TargetPath) property value matches the value specified in %(Lib.OutputFile).">
</Event><Event ErrorLevel="1" Project="ImageLib" Source="ImageLib\ImageLib.vcproj" Description="MSB8012: $(TargetPath) ('C:\Users\koschei\Documents\Visual Studio 2010\Projects\Features\ImageLib\.\Debug\ImageLib.lib') does not match the Librarian's OutputFile property value '.\Debug\ImageLib.lib' ('C:\Users\koschei\Documents\Visual Studio 2010\Projects\Features\Debug\ImageLib.lib') in project configuration 'Debug|Win32'. This may cause your project to build incorrectly. To correct this, please make sure that $(TargetPath) property value matches the value specified in %(Lib.OutputFile).">
</Event><Event ErrorLevel="0" Project="ImageLib" Source="ImageLib\ImageLib.vcproj" Description="Done converting to new project file 'C:\Users\koschei\Documents\Visual Studio 2010\Projects\Features\ImageLib\ImageLib.vcxproj'.">
</Event><Event ErrorLevel="3" Project="ImageLib" Source="ImageLib\ImageLib.vcproj" Description="Converted">
</Event><Event ErrorLevel="0" Project="" Source="Features.sln" Description="Solution converted successfully">
</Event><Event ErrorLevel="3" Project="" Source="Features.sln" Description="Converted">
</Event></UpgradeLog>